,imp_code_str3,imp_name,HS2,description,USD,tonne
0,008,Albania,87, Pedestrian controlled tractors,186045097.976,69175.01252799999
1,008,Albania,27," Anthracite, not agglomerated",175640338.448,274386.770401
2,008,Albania,41," Bovine skins, whole, raw",108822295.868,5136.63255
3,008,Albania,84, Nuclear reactors,100891912.824,26196.715996
4,008,Albania,64," Waterproof footwear (Wellingtons etc), metal toe cap",77098329.356,8517.302767000001
5,008,Albania,62," Mens, boys overcoats of wool or hair, not knit",66970571.105,5303.62189
6,008,Albania,39, Polyethylene - specific gravity <0.94 in primary form,65907036.054,23526.542720999998
7,008,Albania,85, Electric motors of an output < 37.5 watts,61426635.939,12179.457136
8,008,Albania,61," Mens, boys overcoats, etc, of wool or hair, knit",60178852.90400001,6722.937104
9,008,Albania,48, Newsprint,48795284.206,27408.142303
10,008,Albania,69," Bricks, blocks and ceramic goods of siliceous earths",40286545.555,131439.64445
11,008,Albania,73, Sheet piling of iron or steel,40021847.331,22263.682883999998
12,008,Albania,59, Gum or amylaceous covered textiles for book covers et,33276008.741,3625.306741
13,008,Albania,10, Durum wheat,31121899.985,130303.342523
14,008,Albania,52," Cotton, not carded or combed",25002012.255000003,1780.2604900000001
15,008,Albania,94," Seats, aircraft",23943692.68,7147.98045
16,008,Albania,22, Mineral and aerated waters not sweetened or flavoured,22089840.745,25205.40938
17,008,Albania,09," Coffee, not roasted, not decaffeinated",21624647.9,5513.604678000001
18,008,Albania,83, Padlocks of base metal,20695695.716,5072.130779
19,008,Albania,54, Sewing thread of synthetic filaments,18665491.935000002,2201.97569
20,008,Albania,19," Infant foods of cereals, flour, starch or milk, retai",17879131.929,13753.98407
21,008,Albania,44, Fuel wood,17812443.168,55783.733144
22,008,Albania,60," ""Long pile"" knit or crochet textile fabric",17699891.424000002,1894.3180699999998
23,008,Albania,02," Bovine carcasses and half carcasses, fresh or chilled",15158330.281,10917.540869999999
24,008,Albania,34," Soaps, for toilet use, solid",15061607.145000001,14174.126417000001
25,008,Albania,33, Essential oils of bergamot,12581782.128,2831.295637
26,008,Albania,23," Flour or meal, pellet of meat or offal for animal fee",12551428.344,15985.728242000001
27,008,Albania,63, Electric blankets of textile material,11914999.309,7293.851395
28,008,Albania,21," Coffee extracts, essences, concentrates, preparations",11349970.842,3151.5856879999997
29,008,Albania,72," Pig iron, non-alloy, <0.5% phosphorus",11021020.94,15551.22353
30,008,Albania,76," Aluminium unwrought, not alloyed",10664782.729,3373.1070699999996
31,008,Albania,56," Sanitary towels, diapers and similar articles",10212543.775999999,2190.56532
32,008,Albania,40," Natural rubber latex, including prevulcanised",9928783.693,3070.695004
33,008,Albania,30," Glands and other organs, dried, for therapeutic uses",9612533.469,465.74322499999994
34,008,Albania,58," Woven pile fabric of wool or fine animal hair, w >30c",9185126.459,464.719769
35,008,Albania,96," Worked ivory, articles of ivory",8407777.5,1188.957388
36,008,Albania,08," Coconuts, fresh or dried",8130343.701,13874.945547000001
37,008,Albania,04, Milk not concentrated nor sweetened < 1% fat,7922784.4120000005,5592.89533
38,008,Albania,68," Stone setts, curbstones, flagstones (except slate)",7520013.147000001,23471.25806
39,008,Albania,17," Raw sugar, cane",7276663.2700000005,18448.58257
40,008,Albania,70," Glass cullet, waste or scrap, glass in the mass",6641219.177,5267.666157
41,008,Albania,03," Ornamental fish, live",6285076.865999999,1574.90981
42,008,Albania,20," Cucumbers,gherkins, prepared or preserved by vinegar",5689542.38,6123.806721999999
43,008,Albania,35, Casein,5408246.774,1663.1214000000002
44,008,Albania,32, Quebracho tanning extract,5261315.084,2041.115556
45,008,Albania,90," Optical fibres, except for telecommunications",4722160.317,369.91558499999996
46,008,Albania,16," Sausages, similar products of meat, meat offal & bloo",4639058.993,901.0526600000001
47,008,Albania,15," Lard, other pig fat and poultry fat, rendered",4397610.22,3322.523409
48,008,Albania,38, Artificial graphite,4362062.137,2943.951013
49,008,Albania,95," Rideable wheeled toys, dolls carriages",4297875.513,906.09233
50,008,Albania,55," Filament tow of nylon, polyamides",3544358.356,523.22274
51,008,Albania,82, Spades and shovels,3399197.994,743.944771
52,008,Albania,42," Saddlery and harness, of any material",3247731.215,408.20538
53,008,Albania,74, Copper mattes,2962556.1459999997,291.92413
54,008,Albania,06," Bulbs, tubers, corms, crowns and rhizomes, dormant",2879018.293,4739.218400000001
55,008,Albania,51," Greasy shorn wool, not carded or combed",2152392.946,104.92292
56,008,Albania,18," Cocoa beans, whole or broken, raw or roasted",1884814.507,334.556767
57,008,Albania,07," Potatoes seed, fresh or chilled",1567966.2580000001,2105.7281350000003
58,008,Albania,49," Brochures, leaflets and similar, in single sheets",1555949.2149999999,156.364868
59,008,Albania,53," Flax fibre, raw or retted",1385373.102,43.893440000000005
60,008,Albania,31," Animal or vegetable fertilizers, in packs >10 kg",1352594.723,2213.0386
61,008,Albania,11, Wheat or meslin flour,1081066.659,2379.14444
62,008,Albania,28, Chlorine,1056431.508,2442.75411
63,008,Albania,67," Bird skins and feathers, articles therefrom",754773.1510000001,168.13635
64,008,Albania,29, Saturated acyclic hydrocarbons,689441.993,465.801394
65,008,Albania,12, Soya beans,558612.842,166.60233300000002
66,008,Albania,25," Salt (sodium chloride) including solution, salt water",555570.2660000001,4874.4356
67,008,Albania,50, Silk-worm cocoons suitable for reeling,488535.22,2.40069
68,008,Albania,66, Garden and similar umbrellas,342949.839,145.22316
69,008,Albania,71," Pearls natural, not permanently mounted or set",339221.533,17.5462
70,008,Albania,65," Hat-forms, etc of felt, not shaped, no formed brim",302802.73,47.577580000000005
71,008,Albania,89," Cruise ships, excursion boats, ferry boats",284867.251,116.24290500000001
72,008,Albania,37, X-ray plates and films,275479.824,25.375913000000004
73,008,Albania,05," Hair, human, unworked, waste of human hair",162188.319,207.631
74,008,Albania,91," Wrist-watch, precious metal, battery, with hands",141618.752,39.974664999999995
75,008,Albania,88," Gliders, hang gliders",118592.30799999999,0.20319700000000002
76,008,Albania,86," Rail locomotives, externally electrically powered",74027.074,59.1346
77,008,Albania,57," Carpets of wool or fine animal hair, knotted",68794.682,14.418339999999999
78,008,Albania,79," Zinc, not alloyed, unwrought, >99% pure",42933.924999999996,18.90098
79,008,Albania,46, Plaits and products of plaiting materials,34849.835999999996,5.63448
80,008,Albania,78, Lead refined unwrought,32290.058,9.8574
81,008,Albania,45," Natural cork, raw or simply prepared",29854.64,6.12986
82,008,Albania,14, Bamboos used primarily for plaiting,16238.089,16.098732
83,008,Albania,43," Raw mink furskins, whole",13868.233,0.19981
84,008,Albania,80, Tin not alloyed unwrought,9902.374,0.48350000000000004
85,008,Albania,13, Lac,4027.719,0.1474
86,008,Albania,92," Upright pianos, including auto-players",1299.055,0.1635
87,008,Albania,75, Nickel mattes,793.28,0.015835000000000002
88,008,Albania,01," Horses, live pure-bred breeding",0.0,31.63
